Model,Angle,Layer,CKA,Cosine,RSA
dinov2-small-imagenet1k-1-layer,10,0,0.9360026717185974,1,1
dinov2-small-imagenet1k-1-layer,10,1,0.977649450302124,1,1
dinov2-small-imagenet1k-1-layer,10,2,0.9732527732849121,1,1
dinov2-small-imagenet1k-1-layer,10,3,0.9825686812400818,1,1
dinov2-small-imagenet1k-1-layer,10,4,0.9738693833351135,1,1
dinov2-small-imagenet1k-1-layer,10,5,0.9682521224021912,1,1
dinov2-small-imagenet1k-1-layer,10,6,0.9591163992881775,1,1
dinov2-small-imagenet1k-1-layer,10,7,0.9650036692619324,1,1
dinov2-small-imagenet1k-1-layer,10,8,0.962280809879303,1,1
dinov2-small-imagenet1k-1-layer,10,9,0.9665339589118958,1,1
dinov2-small-imagenet1k-1-layer,10,10,0.9676899313926697,1,1
dinov2-small-imagenet1k-1-layer,10,11,0.9767076969146729,1,1
dinov2-small-imagenet1k-1-layer,20,0,0.9130787253379822,1,1
dinov2-small-imagenet1k-1-layer,20,1,0.952677845954895,1,1
dinov2-small-imagenet1k-1-layer,20,2,0.9483497142791748,1,1
dinov2-small-imagenet1k-1-layer,20,3,0.9670614004135132,1,1
dinov2-small-imagenet1k-1-layer,20,4,0.9535843133926392,1,1
dinov2-small-imagenet1k-1-layer,20,5,0.9468985795974731,1,1
dinov2-small-imagenet1k-1-layer,20,6,0.9316719174385071,1,1
dinov2-small-imagenet1k-1-layer,20,7,0.9383314251899719,1,1
dinov2-small-imagenet1k-1-layer,20,8,0.9306038022041321,1,1
dinov2-small-imagenet1k-1-layer,20,9,0.9403921961784363,1,1
dinov2-small-imagenet1k-1-layer,20,10,0.951913595199585,1,1
dinov2-small-imagenet1k-1-layer,20,11,0.9650114178657532,1,1
dinov2-small-imagenet1k-1-layer,30,0,0.8849605321884155,1,1
dinov2-small-imagenet1k-1-layer,30,1,0.9389322400093079,1,1
dinov2-small-imagenet1k-1-layer,30,2,0.934861421585083,1,1
dinov2-small-imagenet1k-1-layer,30,3,0.9575688242912292,1,1
dinov2-small-imagenet1k-1-layer,30,4,0.9426971673965454,1,1
dinov2-small-imagenet1k-1-layer,30,5,0.9364125728607178,1,1
dinov2-small-imagenet1k-1-layer,30,6,0.9227518439292908,1,1
dinov2-small-imagenet1k-1-layer,30,7,0.9224132895469666,1,1
dinov2-small-imagenet1k-1-layer,30,8,0.9164531230926514,1,1
dinov2-small-imagenet1k-1-layer,30,9,0.9266894459724426,1,1
dinov2-small-imagenet1k-1-layer,30,10,0.9391677975654602,1,1
dinov2-small-imagenet1k-1-layer,30,11,0.956145703792572,1,1
dinov2-small-imagenet1k-1-layer,40,0,0.9026039838790894,1,1
dinov2-small-imagenet1k-1-layer,40,1,0.9436023831367493,1,1
dinov2-small-imagenet1k-1-layer,40,2,0.9357010126113892,1,1
dinov2-small-imagenet1k-1-layer,40,3,0.9566999077796936,1,1
dinov2-small-imagenet1k-1-layer,40,4,0.935681939125061,1,1
dinov2-small-imagenet1k-1-layer,40,5,0.9201824069023132,1,1
dinov2-small-imagenet1k-1-layer,40,6,0.9025003910064697,1,1
dinov2-small-imagenet1k-1-layer,40,7,0.90745609998703,1,1
dinov2-small-imagenet1k-1-layer,40,8,0.9081966280937195,1,1
dinov2-small-imagenet1k-1-layer,40,9,0.9188401699066162,1,1
dinov2-small-imagenet1k-1-layer,40,10,0.9308925271034241,1,1
dinov2-small-imagenet1k-1-layer,40,11,0.9464780688285828,1,1
dinov2-small-imagenet1k-1-layer,50,0,0.8882818818092346,1,1
dinov2-small-imagenet1k-1-layer,50,1,0.9388258457183838,1,1
dinov2-small-imagenet1k-1-layer,50,2,0.9328165054321289,1,1
dinov2-small-imagenet1k-1-layer,50,3,0.9577093124389648,1,1
dinov2-small-imagenet1k-1-layer,50,4,0.935960590839386,1,1
dinov2-small-imagenet1k-1-layer,50,5,0.9133870601654053,1,1
dinov2-small-imagenet1k-1-layer,50,6,0.8978834748268127,1,1
dinov2-small-imagenet1k-1-layer,50,7,0.8975874185562134,1,1
dinov2-small-imagenet1k-1-layer,50,8,0.8997185230255127,1,1
dinov2-small-imagenet1k-1-layer,50,9,0.9101900458335876,1,1
dinov2-small-imagenet1k-1-layer,50,10,0.9135742783546448,1,1
dinov2-small-imagenet1k-1-layer,50,11,0.9345436692237854,1,1
dinov2-small-imagenet1k-1-layer,60,0,0.8946295976638794,1,1
dinov2-small-imagenet1k-1-layer,60,1,0.941084623336792,1,1
dinov2-small-imagenet1k-1-layer,60,2,0.9258869886398315,1,1
dinov2-small-imagenet1k-1-layer,60,3,0.953673779964447,1,1
dinov2-small-imagenet1k-1-layer,60,4,0.9361540675163269,1,1
dinov2-small-imagenet1k-1-layer,60,5,0.9207305312156677,1,1
dinov2-small-imagenet1k-1-layer,60,6,0.9049193263053894,1,1
dinov2-small-imagenet1k-1-layer,60,7,0.8933690786361694,1,1
dinov2-small-imagenet1k-1-layer,60,8,0.8880723118782043,1,1
dinov2-small-imagenet1k-1-layer,60,9,0.8963111042976379,1,1
dinov2-small-imagenet1k-1-layer,60,10,0.8951358795166016,1,1
dinov2-small-imagenet1k-1-layer,60,11,0.9246074557304382,1,1
dinov2-small-imagenet1k-1-layer,70,0,0.8987180590629578,1,1
dinov2-small-imagenet1k-1-layer,70,1,0.9526801705360413,1,1
dinov2-small-imagenet1k-1-layer,70,2,0.9438487887382507,1,1
dinov2-small-imagenet1k-1-layer,70,3,0.9629433751106262,1,1
dinov2-small-imagenet1k-1-layer,70,4,0.9455011487007141,1,1
dinov2-small-imagenet1k-1-layer,70,5,0.9313585758209229,1,1
dinov2-small-imagenet1k-1-layer,70,6,0.9111186265945435,1,1
dinov2-small-imagenet1k-1-layer,70,7,0.8820345997810364,1,1
dinov2-small-imagenet1k-1-layer,70,8,0.8444637656211853,1,1
dinov2-small-imagenet1k-1-layer,70,9,0.8520451188087463,1,1
dinov2-small-imagenet1k-1-layer,70,10,0.8533917665481567,1,1
dinov2-small-imagenet1k-1-layer,70,11,0.9041030406951904,1,1
dinov2-small-imagenet1k-1-layer,80,0,0.9410797953605652,1,1
dinov2-small-imagenet1k-1-layer,80,1,0.9725784659385681,1,1
dinov2-small-imagenet1k-1-layer,80,2,0.9576072692871094,1,1
dinov2-small-imagenet1k-1-layer,80,3,0.9732366800308228,1,1
dinov2-small-imagenet1k-1-layer,80,4,0.9624809622764587,1,1
dinov2-small-imagenet1k-1-layer,80,5,0.9467564821243286,1,1
dinov2-small-imagenet1k-1-layer,80,6,0.9318612217903137,1,1
dinov2-small-imagenet1k-1-layer,80,7,0.903882622718811,1,1
dinov2-small-imagenet1k-1-layer,80,8,0.811902642250061,1,1
dinov2-small-imagenet1k-1-layer,80,9,0.8142348527908325,1,1
dinov2-small-imagenet1k-1-layer,80,10,0.8444563746452332,1,1
dinov2-small-imagenet1k-1-layer,80,11,0.8978308439254761,1,1
dinov2-small-imagenet1k-1-layer,90,0,0.9490767121315002,1,1
dinov2-small-imagenet1k-1-layer,90,1,0.9793282151222229,1,1
dinov2-small-imagenet1k-1-layer,90,2,0.9628483057022095,1,1
dinov2-small-imagenet1k-1-layer,90,3,0.9811046123504639,1,1
dinov2-small-imagenet1k-1-layer,90,4,0.9756463766098022,1,1
dinov2-small-imagenet1k-1-layer,90,5,0.9648247361183167,1,1
dinov2-small-imagenet1k-1-layer,90,6,0.9536885023117065,1,1
dinov2-small-imagenet1k-1-layer,90,7,0.9238139390945435,1,1
dinov2-small-imagenet1k-1-layer,90,8,0.8582289218902588,1,1
dinov2-small-imagenet1k-1-layer,90,9,0.8444757461547852,1,1
dinov2-small-imagenet1k-1-layer,90,10,0.8739117980003357,1,1
dinov2-small-imagenet1k-1-layer,90,11,0.9116594791412354,1,1
dinov2-small-imagenet1k-1-layer,100,0,0.9378446936607361,1,1
dinov2-small-imagenet1k-1-layer,100,1,0.9717838764190674,1,1
dinov2-small-imagenet1k-1-layer,100,2,0.9463222622871399,1,1
dinov2-small-imagenet1k-1-layer,100,3,0.9684609770774841,1,1
dinov2-small-imagenet1k-1-layer,100,4,0.9591773152351379,1,1
dinov2-small-imagenet1k-1-layer,100,5,0.9470545053482056,1,1
dinov2-small-imagenet1k-1-layer,100,6,0.9288728833198547,1,1
dinov2-small-imagenet1k-1-layer,100,7,0.8940924406051636,1,1
dinov2-small-imagenet1k-1-layer,100,8,0.7871217131614685,1,1
dinov2-small-imagenet1k-1-layer,100,9,0.8128150105476379,1,1
dinov2-small-imagenet1k-1-layer,100,10,0.8292635679244995,1,1
dinov2-small-imagenet1k-1-layer,100,11,0.8803775906562805,1,1
dinov2-small-imagenet1k-1-layer,110,0,0.9149678349494934,1,1
dinov2-small-imagenet1k-1-layer,110,1,0.945280134677887,1,1
dinov2-small-imagenet1k-1-layer,110,2,0.9320629835128784,1,1
dinov2-small-imagenet1k-1-layer,110,3,0.9543355703353882,1,1
dinov2-small-imagenet1k-1-layer,110,4,0.9408555626869202,1,1
dinov2-small-imagenet1k-1-layer,110,5,0.9268165230751038,1,1
dinov2-small-imagenet1k-1-layer,110,6,0.8937027454376221,1,1
dinov2-small-imagenet1k-1-layer,110,7,0.8635837435722351,1,1
dinov2-small-imagenet1k-1-layer,110,8,0.7858184576034546,1,1
dinov2-small-imagenet1k-1-layer,110,9,0.7897123694419861,1,1
dinov2-small-imagenet1k-1-layer,110,10,0.7824130654335022,1,1
dinov2-small-imagenet1k-1-layer,110,11,0.8665262460708618,1,1
dinov2-small-imagenet1k-1-layer,120,0,0.8991578221321106,1,1
dinov2-small-imagenet1k-1-layer,120,1,0.9459207653999329,1,1
dinov2-small-imagenet1k-1-layer,120,2,0.9292597770690918,1,1
dinov2-small-imagenet1k-1-layer,120,3,0.9533697962760925,1,1
dinov2-small-imagenet1k-1-layer,120,4,0.929638147354126,1,1
dinov2-small-imagenet1k-1-layer,120,5,0.9153797626495361,1,1
dinov2-small-imagenet1k-1-layer,120,6,0.8836299777030945,1,1
dinov2-small-imagenet1k-1-layer,120,7,0.8585708737373352,1,1
dinov2-small-imagenet1k-1-layer,120,8,0.8257126808166504,1,1
dinov2-small-imagenet1k-1-layer,120,9,0.8183399438858032,1,1
dinov2-small-imagenet1k-1-layer,120,10,0.7798306941986084,1,1
dinov2-small-imagenet1k-1-layer,120,11,0.8670350909233093,1,1
dinov2-small-imagenet1k-1-layer,130,0,0.8922024369239807,1,1
dinov2-small-imagenet1k-1-layer,130,1,0.93942791223526,1,1
dinov2-small-imagenet1k-1-layer,130,2,0.9258224368095398,1,1
dinov2-small-imagenet1k-1-layer,130,3,0.9500318169593811,1,1
dinov2-small-imagenet1k-1-layer,130,4,0.929353654384613,1,1
dinov2-small-imagenet1k-1-layer,130,5,0.9089624285697937,1,1
dinov2-small-imagenet1k-1-layer,130,6,0.8771960139274597,1,1
dinov2-small-imagenet1k-1-layer,130,7,0.8488481044769287,1,1
dinov2-small-imagenet1k-1-layer,130,8,0.8463430404663086,1,1
dinov2-small-imagenet1k-1-layer,130,9,0.820477306842804,1,1
dinov2-small-imagenet1k-1-layer,130,10,0.7809346914291382,1,1
dinov2-small-imagenet1k-1-layer,130,11,0.8674267530441284,1,1
dinov2-small-imagenet1k-1-layer,140,0,0.8857918977737427,1,1
dinov2-small-imagenet1k-1-layer,140,1,0.9375656247138977,1,1
dinov2-small-imagenet1k-1-layer,140,2,0.9325607419013977,1,1
dinov2-small-imagenet1k-1-layer,140,3,0.9524821639060974,1,1
dinov2-small-imagenet1k-1-layer,140,4,0.931947648525238,1,1
dinov2-small-imagenet1k-1-layer,140,5,0.9092539548873901,1,1
dinov2-small-imagenet1k-1-layer,140,6,0.885247528553009,1,1
dinov2-small-imagenet1k-1-layer,140,7,0.8544298410415649,1,1
dinov2-small-imagenet1k-1-layer,140,8,0.8604174852371216,1,1
dinov2-small-imagenet1k-1-layer,140,9,0.8210629224777222,1,1
dinov2-small-imagenet1k-1-layer,140,10,0.7733117341995239,1,1
dinov2-small-imagenet1k-1-layer,140,11,0.8634134531021118,1,1
dinov2-small-imagenet1k-1-layer,150,0,0.8999961614608765,1,1
dinov2-small-imagenet1k-1-layer,150,1,0.9453074932098389,1,1
dinov2-small-imagenet1k-1-layer,150,2,0.9350278973579407,1,1
dinov2-small-imagenet1k-1-layer,150,3,0.9530765414237976,1,1
dinov2-small-imagenet1k-1-layer,150,4,0.9384658932685852,1,1
dinov2-small-imagenet1k-1-layer,150,5,0.917307436466217,1,1
dinov2-small-imagenet1k-1-layer,150,6,0.8965641260147095,1,1
dinov2-small-imagenet1k-1-layer,150,7,0.8545628786087036,1,1
dinov2-small-imagenet1k-1-layer,150,8,0.8721640706062317,1,1
dinov2-small-imagenet1k-1-layer,150,9,0.8247083425521851,1,1
dinov2-small-imagenet1k-1-layer,150,10,0.770680844783783,1,1
dinov2-small-imagenet1k-1-layer,150,11,0.8657522201538086,1,1
dinov2-small-imagenet1k-1-layer,160,0,0.9063350558280945,1,1
dinov2-small-imagenet1k-1-layer,160,1,0.9557455778121948,1,1
dinov2-small-imagenet1k-1-layer,160,2,0.94890958070755,1,1
dinov2-small-imagenet1k-1-layer,160,3,0.9640200138092041,1,1
dinov2-small-imagenet1k-1-layer,160,4,0.9502635598182678,1,1
dinov2-small-imagenet1k-1-layer,160,5,0.9339717626571655,1,1
dinov2-small-imagenet1k-1-layer,160,6,0.9092310070991516,1,1
dinov2-small-imagenet1k-1-layer,160,7,0.8652270436286926,1,1
dinov2-small-imagenet1k-1-layer,160,8,0.8626281023025513,1,1
dinov2-small-imagenet1k-1-layer,160,9,0.8290314674377441,1,1
dinov2-small-imagenet1k-1-layer,160,10,0.7906635403633118,1,1
dinov2-small-imagenet1k-1-layer,160,11,0.8618977665901184,1,1
dinov2-small-imagenet1k-1-layer,170,0,0.9315764307975769,1,1
dinov2-small-imagenet1k-1-layer,170,1,0.9733371734619141,1,1
dinov2-small-imagenet1k-1-layer,170,2,0.9672894477844238,1,1
dinov2-small-imagenet1k-1-layer,170,3,0.9771010875701904,1,1
dinov2-small-imagenet1k-1-layer,170,4,0.9680818915367126,1,1
dinov2-small-imagenet1k-1-layer,170,5,0.9537266492843628,1,1
dinov2-small-imagenet1k-1-layer,170,6,0.9373852014541626,1,1
dinov2-small-imagenet1k-1-layer,170,7,0.8963985443115234,1,1
dinov2-small-imagenet1k-1-layer,170,8,0.8543141484260559,1,1
dinov2-small-imagenet1k-1-layer,170,9,0.8296170830726624,1,1
dinov2-small-imagenet1k-1-layer,170,10,0.7989292144775391,1,1
dinov2-small-imagenet1k-1-layer,170,11,0.8625455498695374,1,1
dinov2-small-imagenet1k-1-layer,180,0,0.9430482387542725,1,1
dinov2-small-imagenet1k-1-layer,180,1,0.97967529296875,1,1
dinov2-small-imagenet1k-1-layer,180,2,0.9804114103317261,1,1
dinov2-small-imagenet1k-1-layer,180,3,0.9873582124710083,1,1
dinov2-small-imagenet1k-1-layer,180,4,0.984589695930481,1,1
dinov2-small-imagenet1k-1-layer,180,5,0.9738341569900513,1,1
dinov2-small-imagenet1k-1-layer,180,6,0.9579407572746277,1,1
dinov2-small-imagenet1k-1-layer,180,7,0.9217991828918457,1,1
dinov2-small-imagenet1k-1-layer,180,8,0.911431074142456,1,1
dinov2-small-imagenet1k-1-layer,180,9,0.8697916269302368,1,1
dinov2-small-imagenet1k-1-layer,180,10,0.841420590877533,1,1
dinov2-small-imagenet1k-1-layer,180,11,0.8914259076118469,1,1
dinov2-small-imagenet1k-1-layer,190,0,0.9366112351417542,1,1
dinov2-small-imagenet1k-1-layer,190,1,0.9718352556228638,1,1
dinov2-small-imagenet1k-1-layer,190,2,0.9698233008384705,1,1
dinov2-small-imagenet1k-1-layer,190,3,0.9779765605926514,1,1
dinov2-small-imagenet1k-1-layer,190,4,0.9672305583953857,1,1
dinov2-small-imagenet1k-1-layer,190,5,0.9541105628013611,1,1
dinov2-small-imagenet1k-1-layer,190,6,0.9320653080940247,1,1
dinov2-small-imagenet1k-1-layer,190,7,0.8898547887802124,1,1
dinov2-small-imagenet1k-1-layer,190,8,0.8646764755249023,1,1
dinov2-small-imagenet1k-1-layer,190,9,0.8356826901435852,1,1
dinov2-small-imagenet1k-1-layer,190,10,0.7926598191261292,1,1
dinov2-small-imagenet1k-1-layer,190,11,0.8683417439460754,1,1
dinov2-small-imagenet1k-1-layer,200,0,0.9047699570655823,1,1
dinov2-small-imagenet1k-1-layer,200,1,0.947634756565094,1,1
dinov2-small-imagenet1k-1-layer,200,2,0.9489191174507141,1,1
dinov2-small-imagenet1k-1-layer,200,3,0.9664842486381531,1,1
dinov2-small-imagenet1k-1-layer,200,4,0.9492107629776001,1,1
dinov2-small-imagenet1k-1-layer,200,5,0.9361197352409363,1,1
dinov2-small-imagenet1k-1-layer,200,6,0.9044058322906494,1,1
dinov2-small-imagenet1k-1-layer,200,7,0.8641014099121094,1,1
dinov2-small-imagenet1k-1-layer,200,8,0.8385961651802063,1,1
dinov2-small-imagenet1k-1-layer,200,9,0.816868782043457,1,1
dinov2-small-imagenet1k-1-layer,200,10,0.7708321809768677,1,1
dinov2-small-imagenet1k-1-layer,200,11,0.8608414530754089,1,1
dinov2-small-imagenet1k-1-layer,210,0,0.8825895190238953,1,1
dinov2-small-imagenet1k-1-layer,210,1,0.935553789138794,1,1
dinov2-small-imagenet1k-1-layer,210,2,0.9283348321914673,1,1
dinov2-small-imagenet1k-1-layer,210,3,0.9532543420791626,1,1
dinov2-small-imagenet1k-1-layer,210,4,0.9380974769592285,1,1
dinov2-small-imagenet1k-1-layer,210,5,0.9256929755210876,1,1
dinov2-small-imagenet1k-1-layer,210,6,0.8982082605361938,1,1
dinov2-small-imagenet1k-1-layer,210,7,0.8527112603187561,1,1
dinov2-small-imagenet1k-1-layer,210,8,0.8447299599647522,1,1
dinov2-small-imagenet1k-1-layer,210,9,0.8149359822273254,1,1
dinov2-small-imagenet1k-1-layer,210,10,0.7586578726768494,1,1
dinov2-small-imagenet1k-1-layer,210,11,0.8630608320236206,1,1
dinov2-small-imagenet1k-1-layer,220,0,0.8809155821800232,1,1
dinov2-small-imagenet1k-1-layer,220,1,0.9402768015861511,1,1
dinov2-small-imagenet1k-1-layer,220,2,0.9272830486297607,1,1
dinov2-small-imagenet1k-1-layer,220,3,0.951452910900116,1,1
dinov2-small-imagenet1k-1-layer,220,4,0.9320748448371887,1,1
dinov2-small-imagenet1k-1-layer,220,5,0.911976158618927,1,1
dinov2-small-imagenet1k-1-layer,220,6,0.8857882022857666,1,1
dinov2-small-imagenet1k-1-layer,220,7,0.8461366891860962,1,1
dinov2-small-imagenet1k-1-layer,220,8,0.8451627492904663,1,1
dinov2-small-imagenet1k-1-layer,220,9,0.8157351613044739,1,1
dinov2-small-imagenet1k-1-layer,220,10,0.7660687565803528,1,1
dinov2-small-imagenet1k-1-layer,220,11,0.8665772080421448,1,1
dinov2-small-imagenet1k-1-layer,230,0,0.8893888592720032,1,1
dinov2-small-imagenet1k-1-layer,230,1,0.9411704540252686,1,1
dinov2-small-imagenet1k-1-layer,230,2,0.9238259792327881,1,1
dinov2-small-imagenet1k-1-layer,230,3,0.9526547789573669,1,1
dinov2-small-imagenet1k-1-layer,230,4,0.9316792488098145,1,1
dinov2-small-imagenet1k-1-layer,230,5,0.9074733257293701,1,1
dinov2-small-imagenet1k-1-layer,230,6,0.8835736513137817,1,1
dinov2-small-imagenet1k-1-layer,230,7,0.8419758677482605,1,1
dinov2-small-imagenet1k-1-layer,230,8,0.8364278674125671,1,1
dinov2-small-imagenet1k-1-layer,230,9,0.8175699710845947,1,1
dinov2-small-imagenet1k-1-layer,230,10,0.7755229473114014,1,1
dinov2-small-imagenet1k-1-layer,230,11,0.8671578168869019,1,1
dinov2-small-imagenet1k-1-layer,240,0,0.9065213203430176,1,1
dinov2-small-imagenet1k-1-layer,240,1,0.9455057382583618,1,1
dinov2-small-imagenet1k-1-layer,240,2,0.9253473877906799,1,1
dinov2-small-imagenet1k-1-layer,240,3,0.9535593390464783,1,1
dinov2-small-imagenet1k-1-layer,240,4,0.9348824620246887,1,1
dinov2-small-imagenet1k-1-layer,240,5,0.9159649014472961,1,1
dinov2-small-imagenet1k-1-layer,240,6,0.8929520845413208,1,1
dinov2-small-imagenet1k-1-layer,240,7,0.8516202569007874,1,1
dinov2-small-imagenet1k-1-layer,240,8,0.8407921195030212,1,1
dinov2-small-imagenet1k-1-layer,240,9,0.8287878632545471,1,1
dinov2-small-imagenet1k-1-layer,240,10,0.8026109337806702,1,1
dinov2-small-imagenet1k-1-layer,240,11,0.874606192111969,1,1
dinov2-small-imagenet1k-1-layer,250,0,0.9071341753005981,1,1
dinov2-small-imagenet1k-1-layer,250,1,0.9518193602561951,1,1
dinov2-small-imagenet1k-1-layer,250,2,0.9389337301254272,1,1
dinov2-small-imagenet1k-1-layer,250,3,0.9607732892036438,1,1
dinov2-small-imagenet1k-1-layer,250,4,0.9428402781486511,1,1
dinov2-small-imagenet1k-1-layer,250,5,0.9248765707015991,1,1
dinov2-small-imagenet1k-1-layer,250,6,0.902354896068573,1,1
dinov2-small-imagenet1k-1-layer,250,7,0.8531684279441833,1,1
dinov2-small-imagenet1k-1-layer,250,8,0.7931187748908997,1,1
dinov2-small-imagenet1k-1-layer,250,9,0.800987958908081,1,1
dinov2-small-imagenet1k-1-layer,250,10,0.7919644713401794,1,1
dinov2-small-imagenet1k-1-layer,250,11,0.8729604482650757,1,1
dinov2-small-imagenet1k-1-layer,260,0,0.9403321743011475,1,1
dinov2-small-imagenet1k-1-layer,260,1,0.9726974368095398,1,1
dinov2-small-imagenet1k-1-layer,260,2,0.9619487524032593,1,1
dinov2-small-imagenet1k-1-layer,260,3,0.9745294451713562,1,1
dinov2-small-imagenet1k-1-layer,260,4,0.9588208198547363,1,1
dinov2-small-imagenet1k-1-layer,260,5,0.9434728622436523,1,1
dinov2-small-imagenet1k-1-layer,260,6,0.9281619787216187,1,1
dinov2-small-imagenet1k-1-layer,260,7,0.8891798853874207,1,1
dinov2-small-imagenet1k-1-layer,260,8,0.7953410148620605,1,1
dinov2-small-imagenet1k-1-layer,260,9,0.8018589615821838,1,1
dinov2-small-imagenet1k-1-layer,260,10,0.8187825083732605,1,1
dinov2-small-imagenet1k-1-layer,260,11,0.8841047286987305,1,1
dinov2-small-imagenet1k-1-layer,270,0,0.9451077580451965,1,1
dinov2-small-imagenet1k-1-layer,270,1,0.9805386066436768,1,1
dinov2-small-imagenet1k-1-layer,270,2,0.9676584601402283,1,1
dinov2-small-imagenet1k-1-layer,270,3,0.9821728467941284,1,1
dinov2-small-imagenet1k-1-layer,270,4,0.975558340549469,1,1
dinov2-small-imagenet1k-1-layer,270,5,0.964909553527832,1,1
dinov2-small-imagenet1k-1-layer,270,6,0.9574042558670044,1,1
dinov2-small-imagenet1k-1-layer,270,7,0.9235392808914185,1,1
dinov2-small-imagenet1k-1-layer,270,8,0.8431613445281982,1,1
dinov2-small-imagenet1k-1-layer,270,9,0.8422638773918152,1,1
dinov2-small-imagenet1k-1-layer,270,10,0.8735830783843994,1,1
dinov2-small-imagenet1k-1-layer,270,11,0.9169607758522034,1,1
dinov2-small-imagenet1k-1-layer,280,0,0.9421309232711792,1,1
dinov2-small-imagenet1k-1-layer,280,1,0.9773098230361938,1,1
dinov2-small-imagenet1k-1-layer,280,2,0.9529291391372681,1,1
dinov2-small-imagenet1k-1-layer,280,3,0.9735296964645386,1,1
dinov2-small-imagenet1k-1-layer,280,4,0.9611225128173828,1,1
dinov2-small-imagenet1k-1-layer,280,5,0.946578860282898,1,1
dinov2-small-imagenet1k-1-layer,280,6,0.9341563582420349,1,1
dinov2-small-imagenet1k-1-layer,280,7,0.9031739830970764,1,1
dinov2-small-imagenet1k-1-layer,280,8,0.807669460773468,1,1
dinov2-small-imagenet1k-1-layer,280,9,0.8340612649917603,1,1
dinov2-small-imagenet1k-1-layer,280,10,0.851837158203125,1,1
dinov2-small-imagenet1k-1-layer,280,11,0.9028855562210083,1,1
dinov2-small-imagenet1k-1-layer,290,0,0.9209944605827332,1,1
dinov2-small-imagenet1k-1-layer,290,1,0.9531431198120117,1,1
dinov2-small-imagenet1k-1-layer,290,2,0.939563512802124,1,1
dinov2-small-imagenet1k-1-layer,290,3,0.9599164724349976,1,1
dinov2-small-imagenet1k-1-layer,290,4,0.9412152171134949,1,1
dinov2-small-imagenet1k-1-layer,290,5,0.9315139651298523,1,1
dinov2-small-imagenet1k-1-layer,290,6,0.9034790992736816,1,1
dinov2-small-imagenet1k-1-layer,290,7,0.879726767539978,1,1
dinov2-small-imagenet1k-1-layer,290,8,0.8208016157150269,1,1
dinov2-small-imagenet1k-1-layer,290,9,0.8294222950935364,1,1
dinov2-small-imagenet1k-1-layer,290,10,0.8399288058280945,1,1
dinov2-small-imagenet1k-1-layer,290,11,0.90013587474823,1,1
dinov2-small-imagenet1k-1-layer,300,0,0.9147051572799683,1,1
dinov2-small-imagenet1k-1-layer,300,1,0.9506176710128784,1,1
dinov2-small-imagenet1k-1-layer,300,2,0.9271345138549805,1,1
dinov2-small-imagenet1k-1-layer,300,3,0.9513128995895386,1,1
dinov2-small-imagenet1k-1-layer,300,4,0.9335671067237854,1,1
dinov2-small-imagenet1k-1-layer,300,5,0.9210789203643799,1,1
dinov2-small-imagenet1k-1-layer,300,6,0.8999942541122437,1,1
dinov2-small-imagenet1k-1-layer,300,7,0.8845446705818176,1,1
dinov2-small-imagenet1k-1-layer,300,8,0.8697918057441711,1,1
dinov2-small-imagenet1k-1-layer,300,9,0.8661840558052063,1,1
dinov2-small-imagenet1k-1-layer,300,10,0.8727442026138306,1,1
dinov2-small-imagenet1k-1-layer,300,11,0.9195924997329712,1,1
dinov2-small-imagenet1k-1-layer,310,0,0.8985522985458374,1,1
dinov2-small-imagenet1k-1-layer,310,1,0.9405781030654907,1,1
dinov2-small-imagenet1k-1-layer,310,2,0.9224005341529846,1,1
dinov2-small-imagenet1k-1-layer,310,3,0.947827160358429,1,1
dinov2-small-imagenet1k-1-layer,310,4,0.9321520328521729,1,1
dinov2-small-imagenet1k-1-layer,310,5,0.9172884225845337,1,1
dinov2-small-imagenet1k-1-layer,310,6,0.9000447392463684,1,1
dinov2-small-imagenet1k-1-layer,310,7,0.8923259973526001,1,1
dinov2-small-imagenet1k-1-layer,310,8,0.9018821716308594,1,1
dinov2-small-imagenet1k-1-layer,310,9,0.8902427554130554,1,1
dinov2-small-imagenet1k-1-layer,310,10,0.8904218673706055,1,1
dinov2-small-imagenet1k-1-layer,310,11,0.9317660331726074,1,1
dinov2-small-imagenet1k-1-layer,320,0,0.9059041738510132,1,1
dinov2-small-imagenet1k-1-layer,320,1,0.9458567500114441,1,1
dinov2-small-imagenet1k-1-layer,320,2,0.9391323328018188,1,1
dinov2-small-imagenet1k-1-layer,320,3,0.9573964476585388,1,1
dinov2-small-imagenet1k-1-layer,320,4,0.9385010600090027,1,1
dinov2-small-imagenet1k-1-layer,320,5,0.9215764999389648,1,1
dinov2-small-imagenet1k-1-layer,320,6,0.9050580263137817,1,1
dinov2-small-imagenet1k-1-layer,320,7,0.9036754965782166,1,1
dinov2-small-imagenet1k-1-layer,320,8,0.8991517424583435,1,1
dinov2-small-imagenet1k-1-layer,320,9,0.9001511931419373,1,1
dinov2-small-imagenet1k-1-layer,320,10,0.906233549118042,1,1
dinov2-small-imagenet1k-1-layer,320,11,0.9450721740722656,1,1
dinov2-small-imagenet1k-1-layer,330,0,0.910527229309082,1,1
dinov2-small-imagenet1k-1-layer,330,1,0.9470340609550476,1,1
dinov2-small-imagenet1k-1-layer,330,2,0.9465612769126892,1,1
dinov2-small-imagenet1k-1-layer,330,3,0.9596251249313354,1,1
dinov2-small-imagenet1k-1-layer,330,4,0.9437901377677917,1,1
dinov2-small-imagenet1k-1-layer,330,5,0.9305049180984497,1,1
dinov2-small-imagenet1k-1-layer,330,6,0.9195430278778076,1,1
dinov2-small-imagenet1k-1-layer,330,7,0.9187321662902832,1,1
dinov2-small-imagenet1k-1-layer,330,8,0.9253040552139282,1,1
dinov2-small-imagenet1k-1-layer,330,9,0.9277081489562988,1,1
dinov2-small-imagenet1k-1-layer,330,10,0.9360496997833252,1,1
dinov2-small-imagenet1k-1-layer,330,11,0.9534114599227905,1,1
dinov2-small-imagenet1k-1-layer,340,0,0.9098351001739502,1,1
dinov2-small-imagenet1k-1-layer,340,1,0.9581255316734314,1,1
dinov2-small-imagenet1k-1-layer,340,2,0.9605149626731873,1,1
dinov2-small-imagenet1k-1-layer,340,3,0.9694350957870483,1,1
dinov2-small-imagenet1k-1-layer,340,4,0.954958975315094,1,1
dinov2-small-imagenet1k-1-layer,340,5,0.9460548162460327,1,1
dinov2-small-imagenet1k-1-layer,340,6,0.9340958595275879,1,1
dinov2-small-imagenet1k-1-layer,340,7,0.9353950619697571,1,1
dinov2-small-imagenet1k-1-layer,340,8,0.9298132061958313,1,1
dinov2-small-imagenet1k-1-layer,340,9,0.9400214552879333,1,1
dinov2-small-imagenet1k-1-layer,340,10,0.9519618153572083,1,1
dinov2-small-imagenet1k-1-layer,340,11,0.9639186263084412,1,1
dinov2-small-imagenet1k-1-layer,350,0,0.9358000755310059,1,1
dinov2-small-imagenet1k-1-layer,350,1,0.9778165221214294,1,1
dinov2-small-imagenet1k-1-layer,350,2,0.9745277762413025,1,1
dinov2-small-imagenet1k-1-layer,350,3,0.9806575179100037,1,1
dinov2-small-imagenet1k-1-layer,350,4,0.9768207669258118,1,1
dinov2-small-imagenet1k-1-layer,350,5,0.9704756140708923,1,1
dinov2-small-imagenet1k-1-layer,350,6,0.9644473791122437,1,1
dinov2-small-imagenet1k-1-layer,350,7,0.9670302271842957,1,1
dinov2-small-imagenet1k-1-layer,350,8,0.9582979679107666,1,1
dinov2-small-imagenet1k-1-layer,350,9,0.9658231735229492,1,1
dinov2-small-imagenet1k-1-layer,350,10,0.9673668146133423,1,1
dinov2-small-imagenet1k-1-layer,350,11,0.9756556749343872,1,1
dinov2-small-imagenet1k-1-layer,360,0,1.0,1,1
dinov2-small-imagenet1k-1-layer,360,1,1.0000001192092896,1,1
dinov2-small-imagenet1k-1-layer,360,2,1.0000001192092896,1,1
dinov2-small-imagenet1k-1-layer,360,3,1.0,1,1
dinov2-small-imagenet1k-1-layer,360,4,1.0,1,1
dinov2-small-imagenet1k-1-layer,360,5,1.0,1,1
dinov2-small-imagenet1k-1-layer,360,6,1.0000001192092896,1,1
dinov2-small-imagenet1k-1-layer,360,7,1.0,1,1
dinov2-small-imagenet1k-1-layer,360,8,1.0,1,1
dinov2-small-imagenet1k-1-layer,360,9,1.0,1,1
dinov2-small-imagenet1k-1-layer,360,10,1.0,1,1
dinov2-small-imagenet1k-1-layer,360,11,1.0,1,1
vit-base-patch16-224,10,0,0.980252742767334,1,1
vit-base-patch16-224,10,1,0.9699886441230774,1,1
vit-base-patch16-224,10,2,0.9671793580055237,1,1
vit-base-patch16-224,10,3,0.9608600735664368,1,1
vit-base-patch16-224,10,4,0.9573599696159363,1,1
vit-base-patch16-224,10,5,0.9602988958358765,1,1
vit-base-patch16-224,10,6,0.9598631262779236,1,1
vit-base-patch16-224,10,7,0.9500404000282288,1,1
vit-base-patch16-224,10,8,0.9448773860931396,1,1
vit-base-patch16-224,10,9,0.9410616755485535,1,1
vit-base-patch16-224,10,10,0.9523059725761414,1,1
vit-base-patch16-224,10,11,0.9727439284324646,1,1
vit-base-patch16-224,20,0,0.9720692038536072,1,1
vit-base-patch16-224,20,1,0.9620940685272217,1,1
vit-base-patch16-224,20,2,0.9603777527809143,1,1
vit-base-patch16-224,20,3,0.9552448391914368,1,1
vit-base-patch16-224,20,4,0.9526044130325317,1,1
vit-base-patch16-224,20,5,0.9529955983161926,1,1
vit-base-patch16-224,20,6,0.9502550959587097,1,1
vit-base-patch16-224,20,7,0.9370605945587158,1,1
vit-base-patch16-224,20,8,0.9279651641845703,1,1
vit-base-patch16-224,20,9,0.9231704473495483,1,1
vit-base-patch16-224,20,10,0.9351893067359924,1,1
vit-base-patch16-224,20,11,0.9549266695976257,1,1
vit-base-patch16-224,30,0,0.9653803110122681,1,1
vit-base-patch16-224,30,1,0.9560221433639526,1,1
vit-base-patch16-224,30,2,0.9545831084251404,1,1
vit-base-patch16-224,30,3,0.9514486193656921,1,1
vit-base-patch16-224,30,4,0.9462820887565613,1,1
vit-base-patch16-224,30,5,0.9456959366798401,1,1
vit-base-patch16-224,30,6,0.940987229347229,1,1
vit-base-patch16-224,30,7,0.927323579788208,1,1
vit-base-patch16-224,30,8,0.9186974167823792,1,1
vit-base-patch16-224,30,9,0.9119531512260437,1,1
vit-base-patch16-224,30,10,0.9229623079299927,1,1
vit-base-patch16-224,30,11,0.9415437579154968,1,1
vit-base-patch16-224,40,0,0.9614779949188232,1,1
vit-base-patch16-224,40,1,0.9508894085884094,1,1
vit-base-patch16-224,40,2,0.9503572583198547,1,1
vit-base-patch16-224,40,3,0.9458044171333313,1,1
vit-base-patch16-224,40,4,0.9402458071708679,1,1
vit-base-patch16-224,40,5,0.9400864243507385,1,1
vit-base-patch16-224,40,6,0.9352372884750366,1,1
vit-base-patch16-224,40,7,0.920674204826355,1,1
vit-base-patch16-224,40,8,0.9118343591690063,1,1
vit-base-patch16-224,40,9,0.9062616229057312,1,1
vit-base-patch16-224,40,10,0.9053661227226257,1,1
vit-base-patch16-224,40,11,0.9254183769226074,1,1
vit-base-patch16-224,50,0,0.9606776237487793,1,1
vit-base-patch16-224,50,1,0.9448933601379395,1,1
vit-base-patch16-224,50,2,0.9441515803337097,1,1
vit-base-patch16-224,50,3,0.9415039420127869,1,1
vit-base-patch16-224,50,4,0.9354109168052673,1,1
vit-base-patch16-224,50,5,0.9346780180931091,1,1
vit-base-patch16-224,50,6,0.9277173280715942,1,1
vit-base-patch16-224,50,7,0.914512574672699,1,1
vit-base-patch16-224,50,8,0.9056670665740967,1,1
vit-base-patch16-224,50,9,0.900941789150238,1,1
vit-base-patch16-224,50,10,0.9045840501785278,1,1
vit-base-patch16-224,50,11,0.9002410173416138,1,1
vit-base-patch16-224,60,0,0.9548157453536987,1,1
vit-base-patch16-224,60,1,0.9371567368507385,1,1
vit-base-patch16-224,60,2,0.9398659467697144,1,1
vit-base-patch16-224,60,3,0.9353709816932678,1,1
vit-base-patch16-224,60,4,0.9316197037696838,1,1
vit-base-patch16-224,60,5,0.9303885698318481,1,1
vit-base-patch16-224,60,6,0.9231134653091431,1,1
vit-base-patch16-224,60,7,0.9081875085830688,1,1
vit-base-patch16-224,60,8,0.897538959980011,1,1
vit-base-patch16-224,60,9,0.8880075812339783,1,1
vit-base-patch16-224,60,10,0.8908635377883911,1,1
vit-base-patch16-224,60,11,0.8902660608291626,1,1
vit-base-patch16-224,70,0,0.9493474364280701,1,1
vit-base-patch16-224,70,1,0.9250059127807617,1,1
vit-base-patch16-224,70,2,0.9260459542274475,1,1
vit-base-patch16-224,70,3,0.9282546043395996,1,1
vit-base-patch16-224,70,4,0.927250325679779,1,1
vit-base-patch16-224,70,5,0.9252411723136902,1,1
vit-base-patch16-224,70,6,0.9178995490074158,1,1
vit-base-patch16-224,70,7,0.9046264886856079,1,1
vit-base-patch16-224,70,8,0.8932428359985352,1,1
vit-base-patch16-224,70,9,0.885067880153656,1,1
vit-base-patch16-224,70,10,0.884955883026123,1,1
vit-base-patch16-224,70,11,0.8690532445907593,1,1
vit-base-patch16-224,80,0,0.9347827434539795,1,1
vit-base-patch16-224,80,1,0.9165546298027039,1,1
vit-base-patch16-224,80,2,0.9169695377349854,1,1
vit-base-patch16-224,80,3,0.9210491180419922,1,1
vit-base-patch16-224,80,4,0.9242793917655945,1,1
vit-base-patch16-224,80,5,0.9266996383666992,1,1
vit-base-patch16-224,80,6,0.9229180812835693,1,1
vit-base-patch16-224,80,7,0.9115051627159119,1,1
vit-base-patch16-224,80,8,0.8989425897598267,1,1
vit-base-patch16-224,80,9,0.8929744362831116,1,1
vit-base-patch16-224,80,10,0.8899977207183838,1,1
vit-base-patch16-224,80,11,0.8743938207626343,1,1
vit-base-patch16-224,90,0,0.9242509007453918,1,1
vit-base-patch16-224,90,1,0.918692946434021,1,1
vit-base-patch16-224,90,2,0.9179983139038086,1,1
vit-base-patch16-224,90,3,0.9272904396057129,1,1
vit-base-patch16-224,90,4,0.9331881999969482,1,1
vit-base-patch16-224,90,5,0.9341210126876831,1,1
vit-base-patch16-224,90,6,0.9307683110237122,1,1
vit-base-patch16-224,90,7,0.9160212278366089,1,1
vit-base-patch16-224,90,8,0.8945051431655884,1,1
vit-base-patch16-224,90,9,0.8795019388198853,1,1
vit-base-patch16-224,90,10,0.8723969459533691,1,1
vit-base-patch16-224,90,11,0.8523496389389038,1,1
vit-base-patch16-224,100,0,0.9324432611465454,1,1
vit-base-patch16-224,100,1,0.916853666305542,1,1
vit-base-patch16-224,100,2,0.9181048274040222,1,1
vit-base-patch16-224,100,3,0.9192691445350647,1,1
vit-base-patch16-224,100,4,0.9211255311965942,1,1
vit-base-patch16-224,100,5,0.9217315912246704,1,1
vit-base-patch16-224,100,6,0.9149563908576965,1,1
vit-base-patch16-224,100,7,0.9013203978538513,1,1
vit-base-patch16-224,100,8,0.8858844637870789,1,1
vit-base-patch16-224,100,9,0.8761366605758667,1,1
vit-base-patch16-224,100,10,0.855609118938446,1,1
vit-base-patch16-224,100,11,0.8556308746337891,1,1
vit-base-patch16-224,110,0,0.9424821734428406,1,1
vit-base-patch16-224,110,1,0.9218291640281677,1,1
vit-base-patch16-224,110,2,0.9294285178184509,1,1
vit-base-patch16-224,110,3,0.9263343811035156,1,1
vit-base-patch16-224,110,4,0.9251137971878052,1,1
vit-base-patch16-224,110,5,0.9222103953361511,1,1
vit-base-patch16-224,110,6,0.9142686724662781,1,1
vit-base-patch16-224,110,7,0.9006670713424683,1,1
vit-base-patch16-224,110,8,0.8830845355987549,1,1
vit-base-patch16-224,110,9,0.8729514479637146,1,1
vit-base-patch16-224,110,10,0.8581622242927551,1,1
vit-base-patch16-224,110,11,0.824657678604126,1,1
vit-base-patch16-224,120,0,0.9509605169296265,1,1
vit-base-patch16-224,120,1,0.9344272017478943,1,1
vit-base-patch16-224,120,2,0.9403603672981262,1,1
vit-base-patch16-224,120,3,0.9387488961219788,1,1
vit-base-patch16-224,120,4,0.932328999042511,1,1
vit-base-patch16-224,120,5,0.9250457882881165,1,1
vit-base-patch16-224,120,6,0.9137553572654724,1,1
vit-base-patch16-224,120,7,0.9007149338722229,1,1
vit-base-patch16-224,120,8,0.8841702342033386,1,1
vit-base-patch16-224,120,9,0.8734874129295349,1,1
vit-base-patch16-224,120,10,0.8456757664680481,1,1
vit-base-patch16-224,120,11,0.8079922795295715,1,1
vit-base-patch16-224,130,0,0.9546661972999573,1,1
vit-base-patch16-224,130,1,0.9432225227355957,1,1
vit-base-patch16-224,130,2,0.9446852207183838,1,1
vit-base-patch16-224,130,3,0.9395392537117004,1,1
vit-base-patch16-224,130,4,0.9304199814796448,1,1
vit-base-patch16-224,130,5,0.9246426224708557,1,1
vit-base-patch16-224,130,6,0.9139206409454346,1,1
vit-base-patch16-224,130,7,0.8982944488525391,1,1
vit-base-patch16-224,130,8,0.8831882476806641,1,1
vit-base-patch16-224,130,9,0.8688769936561584,1,1
vit-base-patch16-224,130,10,0.8439564108848572,1,1
vit-base-patch16-224,130,11,0.8131444454193115,1,1
vit-base-patch16-224,140,0,0.9589384198188782,1,1
vit-base-patch16-224,140,1,0.9505128264427185,1,1
vit-base-patch16-224,140,2,0.9493136405944824,1,1
vit-base-patch16-224,140,3,0.943674623966217,1,1
vit-base-patch16-224,140,4,0.9355186820030212,1,1
vit-base-patch16-224,140,5,0.931209146976471,1,1
vit-base-patch16-224,140,6,0.9215279817581177,1,1
vit-base-patch16-224,140,7,0.9065936803817749,1,1
vit-base-patch16-224,140,8,0.8912482261657715,1,1
vit-base-patch16-224,140,9,0.8799161314964294,1,1
vit-base-patch16-224,140,10,0.849195122718811,1,1
vit-base-patch16-224,140,11,0.8128175735473633,1,1
vit-base-patch16-224,150,0,0.9645169973373413,1,1
vit-base-patch16-224,150,1,0.956364095211029,1,1
vit-base-patch16-224,150,2,0.9536829590797424,1,1
vit-base-patch16-224,150,3,0.9465339183807373,1,1
vit-base-patch16-224,150,4,0.9384591579437256,1,1
vit-base-patch16-224,150,5,0.932955265045166,1,1
vit-base-patch16-224,150,6,0.9218534231185913,1,1
vit-base-patch16-224,150,7,0.9068280458450317,1,1
vit-base-patch16-224,150,8,0.8899018168449402,1,1
vit-base-patch16-224,150,9,0.8789101243019104,1,1
vit-base-patch16-224,150,10,0.8518665432929993,1,1
vit-base-patch16-224,150,11,0.8409682512283325,1,1
vit-base-patch16-224,160,0,0.9680771827697754,1,1
vit-base-patch16-224,160,1,0.9591758847236633,1,1
vit-base-patch16-224,160,2,0.9591362476348877,1,1
vit-base-patch16-224,160,3,0.9534226655960083,1,1
vit-base-patch16-224,160,4,0.9444019794464111,1,1
vit-base-patch16-224,160,5,0.9390832185745239,1,1
vit-base-patch16-224,160,6,0.9275258779525757,1,1
vit-base-patch16-224,160,7,0.9112591743469238,1,1
vit-base-patch16-224,160,8,0.8932048082351685,1,1
vit-base-patch16-224,160,9,0.8813380599021912,1,1
vit-base-patch16-224,160,10,0.8549270033836365,1,1
vit-base-patch16-224,160,11,0.8491201996803284,1,1
vit-base-patch16-224,170,0,0.9765441417694092,1,1
vit-base-patch16-224,170,1,0.965753972530365,1,1
vit-base-patch16-224,170,2,0.9646027684211731,1,1
vit-base-patch16-224,170,3,0.9558017253875732,1,1
vit-base-patch16-224,170,4,0.9472611546516418,1,1
vit-base-patch16-224,170,5,0.9443348050117493,1,1
vit-base-patch16-224,170,6,0.9345044493675232,1,1
vit-base-patch16-224,170,7,0.9220091700553894,1,1
vit-base-patch16-224,170,8,0.9063866138458252,1,1
vit-base-patch16-224,170,9,0.8981149792671204,1,1
vit-base-patch16-224,170,10,0.8727326989173889,1,1
vit-base-patch16-224,170,11,0.8427038192749023,1,1
vit-base-patch16-224,180,0,0.9929584264755249,1,1
vit-base-patch16-224,180,1,0.9948951005935669,1,1
vit-base-patch16-224,180,2,0.9914108514785767,1,1
vit-base-patch16-224,180,3,0.9858763813972473,1,1
vit-base-patch16-224,180,4,0.9805908799171448,1,1
vit-base-patch16-224,180,5,0.9743900895118713,1,1
vit-base-patch16-224,180,6,0.9685588479042053,1,1
vit-base-patch16-224,180,7,0.9566229581832886,1,1
vit-base-patch16-224,180,8,0.9459062218666077,1,1
vit-base-patch16-224,180,9,0.9379382133483887,1,1
vit-base-patch16-224,180,10,0.9067467451095581,1,1
vit-base-patch16-224,180,11,0.878653347492218,1,1
vit-base-patch16-224,190,0,0.976752758026123,1,1
vit-base-patch16-224,190,1,0.9678890705108643,1,1
vit-base-patch16-224,190,2,0.9649061560630798,1,1
vit-base-patch16-224,190,3,0.9563477039337158,1,1
vit-base-patch16-224,190,4,0.9480375051498413,1,1
vit-base-patch16-224,190,5,0.9445390105247498,1,1
vit-base-patch16-224,190,6,0.9362512826919556,1,1
vit-base-patch16-224,190,7,0.9235917329788208,1,1
vit-base-patch16-224,190,8,0.9082543849945068,1,1
vit-base-patch16-224,190,9,0.8969089984893799,1,1
vit-base-patch16-224,190,10,0.8736650347709656,1,1
vit-base-patch16-224,190,11,0.8624047040939331,1,1
vit-base-patch16-224,200,0,0.9690093994140625,1,1
vit-base-patch16-224,200,1,0.9604077339172363,1,1
vit-base-patch16-224,200,2,0.9579384922981262,1,1
vit-base-patch16-224,200,3,0.9516299962997437,1,1
vit-base-patch16-224,200,4,0.9452695250511169,1,1
vit-base-patch16-224,200,5,0.9401261806488037,1,1
vit-base-patch16-224,200,6,0.9312716126441956,1,1
vit-base-patch16-224,200,7,0.9167731404304504,1,1
vit-base-patch16-224,200,8,0.8991190791130066,1,1
vit-base-patch16-224,200,9,0.8900395035743713,1,1
vit-base-patch16-224,200,10,0.8552444577217102,1,1
vit-base-patch16-224,200,11,0.8436840176582336,1,1
vit-base-patch16-224,210,0,0.965885579586029,1,1
vit-base-patch16-224,210,1,0.9556752443313599,1,1
vit-base-patch16-224,210,2,0.9513712525367737,1,1
vit-base-patch16-224,210,3,0.9460324048995972,1,1
vit-base-patch16-224,210,4,0.9366587996482849,1,1
vit-base-patch16-224,210,5,0.9328947067260742,1,1
vit-base-patch16-224,210,6,0.9226258993148804,1,1
vit-base-patch16-224,210,7,0.9101861119270325,1,1
vit-base-patch16-224,210,8,0.8950583338737488,1,1
vit-base-patch16-224,210,9,0.8865139484405518,1,1
vit-base-patch16-224,210,10,0.854831874370575,1,1
vit-base-patch16-224,210,11,0.8431572914123535,1,1
vit-base-patch16-224,220,0,0.9569806456565857,1,1
vit-base-patch16-224,220,1,0.9494460821151733,1,1
vit-base-patch16-224,220,2,0.9459019899368286,1,1
vit-base-patch16-224,220,3,0.9396634697914124,1,1
vit-base-patch16-224,220,4,0.9328991174697876,1,1
vit-base-patch16-224,220,5,0.9290471076965332,1,1
vit-base-patch16-224,220,6,0.9192594289779663,1,1
vit-base-patch16-224,220,7,0.901803195476532,1,1
vit-base-patch16-224,220,8,0.8855232000350952,1,1
vit-base-patch16-224,220,9,0.8760981559753418,1,1
vit-base-patch16-224,220,10,0.8414005637168884,1,1
vit-base-patch16-224,220,11,0.8057448863983154,1,1
vit-base-patch16-224,230,0,0.9568229913711548,1,1
vit-base-patch16-224,230,1,0.9443783760070801,1,1
vit-base-patch16-224,230,2,0.9433926343917847,1,1
vit-base-patch16-224,230,3,0.9385152459144592,1,1
vit-base-patch16-224,230,4,0.9308428168296814,1,1
vit-base-patch16-224,230,5,0.9257561564445496,1,1
vit-base-patch16-224,230,6,0.9157798886299133,1,1
vit-base-patch16-224,230,7,0.9001409411430359,1,1
vit-base-patch16-224,230,8,0.8856238722801208,1,1
vit-base-patch16-224,230,9,0.8774861693382263,1,1
vit-base-patch16-224,230,10,0.848391056060791,1,1
vit-base-patch16-224,230,11,0.816748857498169,1,1
vit-base-patch16-224,240,0,0.9561262130737305,1,1
vit-base-patch16-224,240,1,0.9374018907546997,1,1
vit-base-patch16-224,240,2,0.937869131565094,1,1
vit-base-patch16-224,240,3,0.9358464479446411,1,1
vit-base-patch16-224,240,4,0.9299923777580261,1,1
vit-base-patch16-224,240,5,0.9243284463882446,1,1
vit-base-patch16-224,240,6,0.9148831367492676,1,1
vit-base-patch16-224,240,7,0.899834394454956,1,1
vit-base-patch16-224,240,8,0.8848767280578613,1,1
vit-base-patch16-224,240,9,0.8750699758529663,1,1
vit-base-patch16-224,240,10,0.8497626781463623,1,1
vit-base-patch16-224,240,11,0.8150198459625244,1,1
vit-base-patch16-224,250,0,0.948967695236206,1,1
vit-base-patch16-224,250,1,0.9238340854644775,1,1
vit-base-patch16-224,250,2,0.9247334003448486,1,1
vit-base-patch16-224,250,3,0.9256561994552612,1,1
vit-base-patch16-224,250,4,0.9233871102333069,1,1
vit-base-patch16-224,250,5,0.920249879360199,1,1
vit-base-patch16-224,250,6,0.9117256999015808,1,1
vit-base-patch16-224,250,7,0.8954939842224121,1,1
vit-base-patch16-224,250,8,0.8804140686988831,1,1
vit-base-patch16-224,250,9,0.8668792247772217,1,1
vit-base-patch16-224,250,10,0.8522298336029053,1,1
vit-base-patch16-224,250,11,0.8192991614341736,1,1
vit-base-patch16-224,260,0,0.9401553869247437,1,1
vit-base-patch16-224,260,1,0.919308602809906,1,1
vit-base-patch16-224,260,2,0.9192206859588623,1,1
vit-base-patch16-224,260,3,0.9229363203048706,1,1
vit-base-patch16-224,260,4,0.9243584871292114,1,1
vit-base-patch16-224,260,5,0.9264166951179504,1,1
vit-base-patch16-224,260,6,0.9216639399528503,1,1
vit-base-patch16-224,260,7,0.9091430902481079,1,1
vit-base-patch16-224,260,8,0.8959900140762329,1,1
vit-base-patch16-224,260,9,0.8880801200866699,1,1
vit-base-patch16-224,260,10,0.8698782324790955,1,1
vit-base-patch16-224,260,11,0.8493561148643494,1,1
vit-base-patch16-224,270,0,0.9247347712516785,1,1
vit-base-patch16-224,270,1,0.9175915718078613,1,1
vit-base-patch16-224,270,2,0.9160714149475098,1,1
vit-base-patch16-224,270,3,0.9260181784629822,1,1
vit-base-patch16-224,270,4,0.932709813117981,1,1
vit-base-patch16-224,270,5,0.9328280091285706,1,1
vit-base-patch16-224,270,6,0.9308669567108154,1,1
vit-base-patch16-224,270,7,0.9182494282722473,1,1
vit-base-patch16-224,270,8,0.8968824148178101,1,1
vit-base-patch16-224,270,9,0.884183406829834,1,1
vit-base-patch16-224,270,10,0.8692241907119751,1,1
vit-base-patch16-224,270,11,0.8482796549797058,1,1
vit-base-patch16-224,280,0,0.934925377368927,1,1
vit-base-patch16-224,280,1,0.9173014163970947,1,1
vit-base-patch16-224,280,2,0.9179668426513672,1,1
vit-base-patch16-224,280,3,0.9203644394874573,1,1
vit-base-patch16-224,280,4,0.9201267957687378,1,1
vit-base-patch16-224,280,5,0.9231442809104919,1,1
vit-base-patch16-224,280,6,0.9194226264953613,1,1
vit-base-patch16-224,280,7,0.9089451432228088,1,1
vit-base-patch16-224,280,8,0.895865797996521,1,1
vit-base-patch16-224,280,9,0.8858357667922974,1,1
vit-base-patch16-224,280,10,0.8776822686195374,1,1
vit-base-patch16-224,280,11,0.8676920533180237,1,1
vit-base-patch16-224,290,0,0.9466975331306458,1,1
vit-base-patch16-224,290,1,0.9217666983604431,1,1
vit-base-patch16-224,290,2,0.9300358295440674,1,1
vit-base-patch16-224,290,3,0.9311918616294861,1,1
vit-base-patch16-224,290,4,0.929327666759491,1,1
vit-base-patch16-224,290,5,0.9289986491203308,1,1
vit-base-patch16-224,290,6,0.9232827425003052,1,1
vit-base-patch16-224,290,7,0.9095582365989685,1,1
vit-base-patch16-224,290,8,0.8990737199783325,1,1
vit-base-patch16-224,290,9,0.8914220929145813,1,1
vit-base-patch16-224,290,10,0.8841942548751831,1,1
vit-base-patch16-224,290,11,0.8704120516777039,1,1
vit-base-patch16-224,300,0,0.9533280730247498,1,1
vit-base-patch16-224,300,1,0.9368804693222046,1,1
vit-base-patch16-224,300,2,0.9401652812957764,1,1
vit-base-patch16-224,300,3,0.9397264122962952,1,1
vit-base-patch16-224,300,4,0.9351261258125305,1,1
vit-base-patch16-224,300,5,0.9313125014305115,1,1
vit-base-patch16-224,300,6,0.924146831035614,1,1
vit-base-patch16-224,300,7,0.9115473031997681,1,1
vit-base-patch16-224,300,8,0.8974734544754028,1,1
vit-base-patch16-224,300,9,0.8906700611114502,1,1
vit-base-patch16-224,300,10,0.8833393454551697,1,1
vit-base-patch16-224,300,11,0.8767359852790833,1,1
vit-base-patch16-224,310,0,0.958280622959137,1,1
vit-base-patch16-224,310,1,0.9446491599082947,1,1
vit-base-patch16-224,310,2,0.9459753036499023,1,1
vit-base-patch16-224,310,3,0.9403150677680969,1,1
vit-base-patch16-224,310,4,0.9355394244194031,1,1
vit-base-patch16-224,310,5,0.9341417551040649,1,1
vit-base-patch16-224,310,6,0.9286271333694458,1,1
vit-base-patch16-224,310,7,0.9152677059173584,1,1
vit-base-patch16-224,310,8,0.9050900936126709,1,1
vit-base-patch16-224,310,9,0.8967546820640564,1,1
vit-base-patch16-224,310,10,0.8955529928207397,1,1
vit-base-patch16-224,310,11,0.9126595258712769,1,1
vit-base-patch16-224,320,0,0.9607958793640137,1,1
vit-base-patch16-224,320,1,0.9525028467178345,1,1
vit-base-patch16-224,320,2,0.9522351622581482,1,1
vit-base-patch16-224,320,3,0.9485388398170471,1,1
vit-base-patch16-224,320,4,0.9433191418647766,1,1
vit-base-patch16-224,320,5,0.9429723024368286,1,1
vit-base-patch16-224,320,6,0.9363879561424255,1,1
vit-base-patch16-224,320,7,0.9242604970932007,1,1
vit-base-patch16-224,320,8,0.9139807224273682,1,1
vit-base-patch16-224,320,9,0.9082786440849304,1,1
vit-base-patch16-224,320,10,0.907213032245636,1,1
vit-base-patch16-224,320,11,0.9050489068031311,1,1
vit-base-patch16-224,330,0,0.9647462964057922,1,1
vit-base-patch16-224,330,1,0.95623779296875,1,1
vit-base-patch16-224,330,2,0.9560195207595825,1,1
vit-base-patch16-224,330,3,0.9508469104766846,1,1
vit-base-patch16-224,330,4,0.9463430643081665,1,1
vit-base-patch16-224,330,5,0.9464731216430664,1,1
vit-base-patch16-224,330,6,0.9405827522277832,1,1
vit-base-patch16-224,330,7,0.9278122186660767,1,1
vit-base-patch16-224,330,8,0.9193572402000427,1,1
vit-base-patch16-224,330,9,0.9136487245559692,1,1
vit-base-patch16-224,330,10,0.9205663800239563,1,1
vit-base-patch16-224,330,11,0.9416504502296448,1,1
vit-base-patch16-224,340,0,0.9729304909706116,1,1
vit-base-patch16-224,340,1,0.9609050750732422,1,1
vit-base-patch16-224,340,2,0.9619544744491577,1,1
vit-base-patch16-224,340,3,0.9586677551269531,1,1
vit-base-patch16-224,340,4,0.9549612998962402,1,1
vit-base-patch16-224,340,5,0.9553266763687134,1,1
vit-base-patch16-224,340,6,0.9501522779464722,1,1
vit-base-patch16-224,340,7,0.9366201758384705,1,1
vit-base-patch16-224,340,8,0.9280335903167725,1,1
vit-base-patch16-224,340,9,0.9233399033546448,1,1
vit-base-patch16-224,340,10,0.9369679689407349,1,1
vit-base-patch16-224,340,11,0.9602059125900269,1,1
vit-base-patch16-224,350,0,0.9773262739181519,1,1
vit-base-patch16-224,350,1,0.9673038721084595,1,1
vit-base-patch16-224,350,2,0.9674130082130432,1,1
vit-base-patch16-224,350,3,0.9630999565124512,1,1
vit-base-patch16-224,350,4,0.960115373134613,1,1
vit-base-patch16-224,350,5,0.9620214104652405,1,1
vit-base-patch16-224,350,6,0.9598589539527893,1,1
vit-base-patch16-224,350,7,0.9490054249763489,1,1
vit-base-patch16-224,350,8,0.9425137042999268,1,1
vit-base-patch16-224,350,9,0.9395899176597595,1,1
vit-base-patch16-224,350,10,0.952423095703125,1,1
vit-base-patch16-224,350,11,0.9710312485694885,1,1
vit-base-patch16-224,360,0,1.0000001192092896,1,1
vit-base-patch16-224,360,1,0.9999999403953552,1,1
vit-base-patch16-224,360,2,0.9999999403953552,1,1
vit-base-patch16-224,360,3,1.0,1,1
vit-base-patch16-224,360,4,0.9999998807907104,1,1
vit-base-patch16-224,360,5,1.0000001192092896,1,1
vit-base-patch16-224,360,6,1.0,1,1
vit-base-patch16-224,360,7,1.0000001192092896,1,1
vit-base-patch16-224,360,8,1.0000001192092896,1,1
vit-base-patch16-224,360,9,1.0,1,1
vit-base-patch16-224,360,10,0.9999998807907104,1,1
vit-base-patch16-224,360,11,1.0000001192092896,1,1
